Keyword,Average Salary
digital,2462.1215766670744
sales,2456.229858080832
full,1772.5577381949695
job,1594.2607702036848
account,1522.776192590262
stack,1505.2687746764873
development,1419.1779597871216
build,1324.8478225078875
engineer,1249.2208695294378
seeking,1234.5420892031416
application,1221.362886492346
manager,1214.1848202350136
new,1124.0843203098427
developer,1121.4385346730937
software,1105.7186340074468
specialist,1095.6783611133812
amazon,1070.4498876318094
custom,1068.5863082010765
marketing,1055.3600647520498
mobile,1041.5811374846612
company,1038.8843686997482
generation,997.930958217494
amp,991.5135456817947
agency,991.1268948275081
work,988.8987122425852
ai,988.8307875967162
app,984.0443765782861
ecommerce,982.1973094357077
virtual,969.4741747319854
real,924.8416825381029
assistant,923.6721085960771
experience,922.3286209896901
service,912.8530484045954
experienced,906.6555911200267
estate,905.7282563229082
management,904.15384283321
designer,880.6525727633531
expert,880.1474243659378
project,877.430123413731
help,875.0709468981902
writer,874.3866761190026
business,866.9424499914535
support,861.4953603575655
online,857.2159775909613
ad,846.1356938525464
lead,840.6377097998343
graphic,837.4845325460416
us,836.873474420247
react,827.5864405634527
integration,818.8374501920592
product,818.160212606774
media,817.8500719332056
web,805.1211502665687
social,804.741559431852
book,797.1086057713978
design,786.7081527272629
data,786.0551946563155
needed,779.0276087123125
ads,778.5512242530152
page,773.9202968781027
wordpress,767.6089909763951
facebook,765.4919111905532
looking,757.8711710944958
seo,756.3484237427081
translation,756.222552180335
entry,752.5957514942705
brand,746.8583052852517
content,746.5460336320275
need,739.9086004685048
creator,739.1096150454019
python,734.9492122805967
tiktok,729.3611006250395
api,720.8426121888969
email,720.5059011760446
creation,718.5737562864084
editor,718.2807085647722
site,716.800853784115
website,712.8237193639787
research,705.1768125177881
artist,691.8336538692299
editing,685.1838361235552
required,684.2308388917082
shopify,682.8143388475692
using,666.4816722160544
english,655.9383545163621
video,655.8335043743697
instagram,652.8592817171459
store,650.8841608249865
google,650.2954465558297
setup,647.1560052947893
excel,631.2062828374513
logo,622.5125901759129
native,600.801483796518
create,590.8710643683912
youtube,590.7995422960943
script,586.7894710868916
short,570.5772125955848
channel,560.3692394676187
videos,550.2172652808265
simple,486.79268185937343
